sample	fq1	fq2	condition	reference	adapter1	adapter2	library	color	id	cell	DiseaseStatus	LifeStage
SRR6652072	/path/to/analysis/directory/SRR6652072_1.fastq	/path/to/analysis/directory/SRR6652072_2.fastq	skin	skin	AATGATACGGCGACCACCGAGATCTACACTCTTTCCCTACACGACGCTCTTCCGATCT	AATGATACGGCGACCACCGAGATCTACACTCTTTCCCTACACGACGCTCTTCCGATCT	unstranded	#8c510a	SRR6652072_skin	Primary dermal fibroblasts	Healthy	adult
SRR6652073	/path/to/analysis/directory/SRR6652073_1.fastq	/path/to/analysis/directory/SRR6652073_2.fastq	skin	skin	AATGATACGGCGACCACCGAGATCTACACTCTTTCCCTACACGACGCTCTTCCGATCT	AATGATACGGCGACCACCGAGATCTACACTCTTTCCCTACACGACGCTCTTCCGATCT	unstranded	#8c510a	SRR6652073_skin	Primary dermal fibroblasts	Healthy	adult
SRR6652075	/path/to/analysis/directory/SRR6652075_1.fastq	/path/to/analysis/directory/SRR6652075_2.fastq	skin	skin	AATGATACGGCGACCACCGAGATCTACACTCTTTCCCTACACGACGCTCTTCCGATCT	AATGATACGGCGACCACCGAGATCTACACTCTTTCCCTACACGACGCTCTTCCGATCT	unstranded	#8c510a	SRR6652075_skin	Primary dermal fibroblasts	Healthy	adult
SRR6652076	/path/to/analysis/directory/SRR6652076_1.fastq	/path/to/analysis/directory/SRR6652076_2.fastq	skin	skin	AATGATACGGCGACCACCGAGATCTACACTCTTTCCCTACACGACGCTCTTCCGATCT	AATGATACGGCGACCACCGAGATCTACACTCTTTCCCTACACGACGCTCTTCCGATCT	unstranded	#8c510a	SRR6652076_skin	Primary dermal fibroblasts	Healthy	adult
SRR6652077	/path/to/analysis/directory/SRR6652077_1.fastq	/path/to/analysis/directory/SRR6652077_2.fastq	skin	skin	AATGATACGGCGACCACCGAGATCTACACTCTTTCCCTACACGACGCTCTTCCGATCT	AATGATACGGCGACCACCGAGATCTACACTCTTTCCCTACACGACGCTCTTCCGATCT	unstranded	#8c510a	SRR6652077_skin	Primary dermal fibroblasts	Healthy	adult
SRR6652078	/path/to/analysis/directory/SRR6652078_1.fastq	/path/to/analysis/directory/SRR6652078_2.fastq	skin	skin	AATGATACGGCGACCACCGAGATCTACACTCTTTCCCTACACGACGCTCTTCCGATCT	AATGATACGGCGACCACCGAGATCTACACTCTTTCCCTACACGACGCTCTTCCGATCT	unstranded	#8c510a	SRR6652078_skin	Primary dermal fibroblasts	Healthy	adult
SRR6652080	/path/to/analysis/directory/SRR6652080_1.fastq	/path/to/analysis/directory/SRR6652080_2.fastq	skin	skin	AATGATACGGCGACCACCGAGATCTACACTCTTTCCCTACACGACGCTCTTCCGATCT	AATGATACGGCGACCACCGAGATCTACACTCTTTCCCTACACGACGCTCTTCCGATCT	unstranded	#8c510a	SRR6652080_skin	Primary dermal fibroblasts	Healthy	adult
SRR6652081	/path/to/analysis/directory/SRR6652081_1.fastq	/path/to/analysis/directory/SRR6652081_2.fastq	skin	skin	AATGATACGGCGACCACCGAGATCTACACTCTTTCCCTACACGACGCTCTTCCGATCT	AATGATACGGCGACCACCGAGATCTACACTCTTTCCCTACACGACGCTCTTCCGATCT	unstranded	#8c510a	SRR6652081_skin	Primary dermal fibroblasts	Healthy	adult
SRR6652084	/path/to/analysis/directory/SRR6652084_1.fastq	/path/to/analysis/directory/SRR6652084_2.fastq	skin	skin	AATGATACGGCGACCACCGAGATCTACACTCTTTCCCTACACGACGCTCTTCCGATCT	AATGATACGGCGACCACCGAGATCTACACTCTTTCCCTACACGACGCTCTTCCGATCT	unstranded	#8c510a	SRR6652084_skin	Primary dermal fibroblasts	Healthy	adult
SRR6652085	/path/to/analysis/directory/SRR6652085_1.fastq	/path/to/analysis/directory/SRR6652085_2.fastq	skin	skin	AATGATACGGCGACCACCGAGATCTACACTCTTTCCCTACACGACGCTCTTCCGATCT	AATGATACGGCGACCACCGAGATCTACACTCTTTCCCTACACGACGCTCTTCCGATCT	unstranded	#8c510a	SRR6652085_skin	Primary dermal fibroblasts	Healthy	adult
SRR6652086	/path/to/analysis/directory/SRR6652086_1.fastq	/path/to/analysis/directory/SRR6652086_2.fastq	skin	skin	AATGATACGGCGACCACCGAGATCTACACTCTTTCCCTACACGACGCTCTTCCGATCT	AATGATACGGCGACCACCGAGATCTACACTCTTTCCCTACACGACGCTCTTCCGATCT	unstranded	#8c510a	SRR6652086_skin	Primary dermal fibroblasts	Healthy	adult
SRR6652087	/path/to/analysis/directory/SRR6652087_1.fastq	/path/to/analysis/directory/SRR6652087_2.fastq	skin	skin	AATGATACGGCGACCACCGAGATCTACACTCTTTCCCTACACGACGCTCTTCCGATCT	AATGATACGGCGACCACCGAGATCTACACTCTTTCCCTACACGACGCTCTTCCGATCT	unstranded	#8c510a	SRR6652087_skin	Primary dermal fibroblasts	Healthy	adult
SRR6652088	/path/to/analysis/directory/SRR6652088_1.fastq	/path/to/analysis/directory/SRR6652088_2.fastq	skin	skin	AATGATACGGCGACCACCGAGATCTACACTCTTTCCCTACACGACGCTCTTCCGATCT	AATGATACGGCGACCACCGAGATCTACACTCTTTCCCTACACGACGCTCTTCCGATCT	unstranded	#8c510a	SRR6652088_skin	Primary dermal fibroblasts	Healthy	adult
SRR6652090	/path/to/analysis/directory/SRR6652090_1.fastq	/path/to/analysis/directory/SRR6652090_2.fastq	skin	skin	AATGATACGGCGACCACCGAGATCTACACTCTTTCCCTACACGACGCTCTTCCGATCT	AATGATACGGCGACCACCGAGATCTACACTCTTTCCCTACACGACGCTCTTCCGATCT	unstranded	#8c510a	SRR6652090_skin	Primary dermal fibroblasts	Healthy	adult
SRR6652091	/path/to/analysis/directory/SRR6652091_1.fastq	/path/to/analysis/directory/SRR6652091_2.fastq	skin	skin	AATGATACGGCGACCACCGAGATCTACACTCTTTCCCTACACGACGCTCTTCCGATCT	AATGATACGGCGACCACCGAGATCTACACTCTTTCCCTACACGACGCTCTTCCGATCT	unstranded	#8c510a	SRR6652091_skin	Primary dermal fibroblasts	Healthy	adult
SRR6652092	/path/to/analysis/directory/SRR6652092_1.fastq	/path/to/analysis/directory/SRR6652092_2.fastq	skin	skin	AATGATACGGCGACCACCGAGATCTACACTCTTTCCCTACACGACGCTCTTCCGATCT	AATGATACGGCGACCACCGAGATCTACACTCTTTCCCTACACGACGCTCTTCCGATCT	unstranded	#8c510a	SRR6652092_skin	Primary dermal fibroblasts	Healthy	adult
SRR6652093	/path/to/analysis/directory/SRR6652093_1.fastq	/path/to/analysis/directory/SRR6652093_2.fastq	skin	skin	AATGATACGGCGACCACCGAGATCTACACTCTTTCCCTACACGACGCTCTTCCGATCT	AATGATACGGCGACCACCGAGATCTACACTCTTTCCCTACACGACGCTCTTCCGATCT	unstranded	#8c510a	SRR6652093_skin	Primary dermal fibroblasts	Healthy	adult
SRR6652094	/path/to/analysis/directory/SRR6652094_1.fastq	/path/to/analysis/directory/SRR6652094_2.fastq	skin	skin	AATGATACGGCGACCACCGAGATCTACACTCTTTCCCTACACGACGCTCTTCCGATCT	AATGATACGGCGACCACCGAGATCTACACTCTTTCCCTACACGACGCTCTTCCGATCT	unstranded	#8c510a	SRR6652094_skin	Primary dermal fibroblasts	Healthy	adult
SRR6652095	/path/to/analysis/directory/SRR6652095_1.fastq	/path/to/analysis/directory/SRR6652095_2.fastq	skin	skin	AATGATACGGCGACCACCGAGATCTACACTCTTTCCCTACACGACGCTCTTCCGATCT	AATGATACGGCGACCACCGAGATCTACACTCTTTCCCTACACGACGCTCTTCCGATCT	unstranded	#8c510a	SRR6652095_skin	Primary dermal fibroblasts	Healthy	adult
SRR6652097	/path/to/analysis/directory/SRR6652097_1.fastq	/path/to/analysis/directory/SRR6652097_2.fastq	skin	skin	AATGATACGGCGACCACCGAGATCTACACTCTTTCCCTACACGACGCTCTTCCGATCT	AATGATACGGCGACCACCGAGATCTACACTCTTTCCCTACACGACGCTCTTCCGATCT	unstranded	#8c510a	SRR6652097_skin	Primary dermal fibroblasts	Healthy	adult
SRR6652098	/path/to/analysis/directory/SRR6652098_1.fastq	/path/to/analysis/directory/SRR6652098_2.fastq	skin	skin	AATGATACGGCGACCACCGAGATCTACACTCTTTCCCTACACGACGCTCTTCCGATCT	AATGATACGGCGACCACCGAGATCTACACTCTTTCCCTACACGACGCTCTTCCGATCT	unstranded	#8c510a	SRR6652098_skin	Primary dermal fibroblasts	Healthy	adult
SRR6652099	/path/to/analysis/directory/SRR6652099_1.fastq	/path/to/analysis/directory/SRR6652099_2.fastq	skin	skin	AATGATACGGCGACCACCGAGATCTACACTCTTTCCCTACACGACGCTCTTCCGATCT	AATGATACGGCGACCACCGAGATCTACACTCTTTCCCTACACGACGCTCTTCCGATCT	unstranded	#8c510a	SRR6652099_skin	Primary dermal fibroblasts	Healthy	adult
SRR6652101	/path/to/analysis/directory/SRR6652101_1.fastq	/path/to/analysis/directory/SRR6652101_2.fastq	skin	skin	AATGATACGGCGACCACCGAGATCTACACTCTTTCCCTACACGACGCTCTTCCGATCT	AATGATACGGCGACCACCGAGATCTACACTCTTTCCCTACACGACGCTCTTCCGATCT	unstranded	#8c510a	SRR6652101_skin	Primary dermal fibroblasts	Healthy	adult
SRR6652102	/path/to/analysis/directory/SRR6652102_1.fastq	/path/to/analysis/directory/SRR6652102_2.fastq	skin	skin	AATGATACGGCGACCACCGAGATCTACACTCTTTCCCTACACGACGCTCTTCCGATCT	AATGATACGGCGACCACCGAGATCTACACTCTTTCCCTACACGACGCTCTTCCGATCT	unstranded	#8c510a	SRR6652102_skin	Primary dermal fibroblasts	Healthy	adult
SRR6652103	/path/to/analysis/directory/SRR6652103_1.fastq	/path/to/analysis/directory/SRR6652103_2.fastq	skin	skin	AATGATACGGCGACCACCGAGATCTACACTCTTTCCCTACACGACGCTCTTCCGATCT	AATGATACGGCGACCACCGAGATCTACACTCTTTCCCTACACGACGCTCTTCCGATCT	unstranded	#8c510a	SRR6652103_skin	Primary dermal fibroblasts	Healthy	adult
SRR6652104	/path/to/analysis/directory/SRR6652104_1.fastq	/path/to/analysis/directory/SRR6652104_2.fastq	skin	skin	AATGATACGGCGACCACCGAGATCTACACTCTTTCCCTACACGACGCTCTTCCGATCT	AATGATACGGCGACCACCGAGATCTACACTCTTTCCCTACACGACGCTCTTCCGATCT	unstranded	#8c510a	SRR6652104_skin	Primary dermal fibroblasts	Healthy	adult
SRR6652105	/path/to/analysis/directory/SRR6652105_1.fastq	/path/to/analysis/directory/SRR6652105_2.fastq	skin	skin	AATGATACGGCGACCACCGAGATCTACACTCTTTCCCTACACGACGCTCTTCCGATCT	AATGATACGGCGACCACCGAGATCTACACTCTTTCCCTACACGACGCTCTTCCGATCT	unstranded	#8c510a	SRR6652105_skin	Primary dermal fibroblasts	Healthy	adult
SRR6652106	/path/to/analysis/directory/SRR6652106_1.fastq	/path/to/analysis/directory/SRR6652106_2.fastq	skin	skin	AATGATACGGCGACCACCGAGATCTACACTCTTTCCCTACACGACGCTCTTCCGATCT	AATGATACGGCGACCACCGAGATCTACACTCTTTCCCTACACGACGCTCTTCCGATCT	unstranded	#8c510a	SRR6652106_skin	Primary dermal fibroblasts	Healthy	adult
SRR6652107	/path/to/analysis/directory/SRR6652107_1.fastq	/path/to/analysis/directory/SRR6652107_2.fastq	skin	skin	AATGATACGGCGACCACCGAGATCTACACTCTTTCCCTACACGACGCTCTTCCGATCT	AATGATACGGCGACCACCGAGATCTACACTCTTTCCCTACACGACGCTCTTCCGATCT	unstranded	#8c510a	SRR6652107_skin	Primary dermal fibroblasts	Healthy	adult
SRR6652108	/path/to/analysis/directory/SRR6652108_1.fastq	/path/to/analysis/directory/SRR6652108_2.fastq	skin	skin	AATGATACGGCGACCACCGAGATCTACACTCTTTCCCTACACGACGCTCTTCCGATCT	AATGATACGGCGACCACCGAGATCTACACTCTTTCCCTACACGACGCTCTTCCGATCT	unstranded	#8c510a	SRR6652108_skin	Primary dermal fibroblasts	Healthy	adult
SRR6652109	/path/to/analysis/directory/SRR6652109_1.fastq	/path/to/analysis/directory/SRR6652109_2.fastq	skin	skin	AATGATACGGCGACCACCGAGATCTACACTCTTTCCCTACACGACGCTCTTCCGATCT	AATGATACGGCGACCACCGAGATCTACACTCTTTCCCTACACGACGCTCTTCCGATCT	unstranded	#8c510a	SRR6652109_skin	Primary dermal fibroblasts	Healthy	adult
SRR6652110	/path/to/analysis/directory/SRR6652110_1.fastq	/path/to/analysis/directory/SRR6652110_2.fastq	skin	skin	AATGATACGGCGACCACCGAGATCTACACTCTTTCCCTACACGACGCTCTTCCGATCT	AATGATACGGCGACCACCGAGATCTACACTCTTTCCCTACACGACGCTCTTCCGATCT	unstranded	#8c510a	SRR6652110_skin	Primary dermal fibroblasts	Healthy	adult
SRR6652111	/path/to/analysis/directory/SRR6652111_1.fastq	/path/to/analysis/directory/SRR6652111_2.fastq	skin	skin	AATGATACGGCGACCACCGAGATCTACACTCTTTCCCTACACGACGCTCTTCCGATCT	AATGATACGGCGACCACCGAGATCTACACTCTTTCCCTACACGACGCTCTTCCGATCT	unstranded	#8c510a	SRR6652111_skin	Primary dermal fibroblasts	Healthy	adult
SRR6652112	/path/to/analysis/directory/SRR6652112_1.fastq	/path/to/analysis/directory/SRR6652112_2.fastq	skin	skin	AATGATACGGCGACCACCGAGATCTACACTCTTTCCCTACACGACGCTCTTCCGATCT	AATGATACGGCGACCACCGAGATCTACACTCTTTCCCTACACGACGCTCTTCCGATCT	unstranded	#8c510a	SRR6652112_skin	Primary dermal fibroblasts	Healthy	adult
SRR6652113	/path/to/analysis/directory/SRR6652113_1.fastq	/path/to/analysis/directory/SRR6652113_2.fastq	skin	skin	AATGATACGGCGACCACCGAGATCTACACTCTTTCCCTACACGACGCTCTTCCGATCT	AATGATACGGCGACCACCGAGATCTACACTCTTTCCCTACACGACGCTCTTCCGATCT	unstranded	#8c510a	SRR6652113_skin	Primary dermal fibroblasts	Healthy	adult
SRR6652114	/path/to/analysis/directory/SRR6652114_1.fastq	/path/to/analysis/directory/SRR6652114_2.fastq	skin	skin	AATGATACGGCGACCACCGAGATCTACACTCTTTCCCTACACGACGCTCTTCCGATCT	AATGATACGGCGACCACCGAGATCTACACTCTTTCCCTACACGACGCTCTTCCGATCT	unstranded	#8c510a	SRR6652114_skin	Primary dermal fibroblasts	Healthy	adult
SRR6652115	/path/to/analysis/directory/SRR6652115_1.fastq	/path/to/analysis/directory/SRR6652115_2.fastq	skin	skin	AATGATACGGCGACCACCGAGATCTACACTCTTTCCCTACACGACGCTCTTCCGATCT	AATGATACGGCGACCACCGAGATCTACACTCTTTCCCTACACGACGCTCTTCCGATCT	unstranded	#8c510a	SRR6652115_skin	Primary dermal fibroblasts	Healthy	adult
SRR6652116	/path/to/analysis/directory/SRR6652116_1.fastq	/path/to/analysis/directory/SRR6652116_2.fastq	skin	skin	AATGATACGGCGACCACCGAGATCTACACTCTTTCCCTACACGACGCTCTTCCGATCT	AATGATACGGCGACCACCGAGATCTACACTCTTTCCCTACACGACGCTCTTCCGATCT	unstranded	#8c510a	SRR6652116_skin	Primary dermal fibroblasts	Healthy	adult
SRR6652117	/path/to/analysis/directory/SRR6652117_1.fastq	/path/to/analysis/directory/SRR6652117_2.fastq	skin	skin	AATGATACGGCGACCACCGAGATCTACACTCTTTCCCTACACGACGCTCTTCCGATCT	AATGATACGGCGACCACCGAGATCTACACTCTTTCCCTACACGACGCTCTTCCGATCT	unstranded	#8c510a	SRR6652117_skin	Primary dermal fibroblasts	Healthy	adult
SRR6652118	/path/to/analysis/directory/SRR6652118_1.fastq	/path/to/analysis/directory/SRR6652118_2.fastq	skin	skin	AATGATACGGCGACCACCGAGATCTACACTCTTTCCCTACACGACGCTCTTCCGATCT	AATGATACGGCGACCACCGAGATCTACACTCTTTCCCTACACGACGCTCTTCCGATCT	unstranded	#8c510a	SRR6652118_skin	Primary dermal fibroblasts	Healthy	adult
SRR6652119	/path/to/analysis/directory/SRR6652119_1.fastq	/path/to/analysis/directory/SRR6652119_2.fastq	skin	skin	AATGATACGGCGACCACCGAGATCTACACTCTTTCCCTACACGACGCTCTTCCGATCT	AATGATACGGCGACCACCGAGATCTACACTCTTTCCCTACACGACGCTCTTCCGATCT	unstranded	#8c510a	SRR6652119_skin	Primary dermal fibroblasts	Healthy	adult
SRR6652120	/path/to/analysis/directory/SRR6652120_1.fastq	/path/to/analysis/directory/SRR6652120_2.fastq	skin	skin	AATGATACGGCGACCACCGAGATCTACACTCTTTCCCTACACGACGCTCTTCCGATCT	AATGATACGGCGACCACCGAGATCTACACTCTTTCCCTACACGACGCTCTTCCGATCT	unstranded	#8c510a	SRR6652120_skin	Primary dermal fibroblasts	Healthy	adult
SRR6652121	/path/to/analysis/directory/SRR6652121_1.fastq	/path/to/analysis/directory/SRR6652121_2.fastq	skin	skin	AATGATACGGCGACCACCGAGATCTACACTCTTTCCCTACACGACGCTCTTCCGATCT	AATGATACGGCGACCACCGAGATCTACACTCTTTCCCTACACGACGCTCTTCCGATCT	unstranded	#8c510a	SRR6652121_skin	Primary dermal fibroblasts	Healthy	adult
SRR6652122	/path/to/analysis/directory/SRR6652122_1.fastq	/path/to/analysis/directory/SRR6652122_2.fastq	skin	skin	AATGATACGGCGACCACCGAGATCTACACTCTTTCCCTACACGACGCTCTTCCGATCT	AATGATACGGCGACCACCGAGATCTACACTCTTTCCCTACACGACGCTCTTCCGATCT	unstranded	#8c510a	SRR6652122_skin	Primary dermal fibroblasts	Healthy	adult
SRR6652123	/path/to/analysis/directory/SRR6652123_1.fastq	/path/to/analysis/directory/SRR6652123_2.fastq	skin	skin	AATGATACGGCGACCACCGAGATCTACACTCTTTCCCTACACGACGCTCTTCCGATCT	AATGATACGGCGACCACCGAGATCTACACTCTTTCCCTACACGACGCTCTTCCGATCT	unstranded	#8c510a	SRR6652123_skin	Primary dermal fibroblasts	Healthy	adult
SRR6652124	/path/to/analysis/directory/SRR6652124_1.fastq	/path/to/analysis/directory/SRR6652124_2.fastq	skin	skin	AATGATACGGCGACCACCGAGATCTACACTCTTTCCCTACACGACGCTCTTCCGATCT	AATGATACGGCGACCACCGAGATCTACACTCTTTCCCTACACGACGCTCTTCCGATCT	unstranded	#8c510a	SRR6652124_skin	Primary dermal fibroblasts	Healthy	adult
SRR6652125	/path/to/analysis/directory/SRR6652125_1.fastq	/path/to/analysis/directory/SRR6652125_2.fastq	skin	skin	AATGATACGGCGACCACCGAGATCTACACTCTTTCCCTACACGACGCTCTTCCGATCT	AATGATACGGCGACCACCGAGATCTACACTCTTTCCCTACACGACGCTCTTCCGATCT	unstranded	#8c510a	SRR6652125_skin	Primary dermal fibroblasts	Healthy	adult
SRR6652126	/path/to/analysis/directory/SRR6652126_1.fastq	/path/to/analysis/directory/SRR6652126_2.fastq	skin	skin	AATGATACGGCGACCACCGAGATCTACACTCTTTCCCTACACGACGCTCTTCCGATCT	AATGATACGGCGACCACCGAGATCTACACTCTTTCCCTACACGACGCTCTTCCGATCT	unstranded	#8c510a	SRR6652126_skin	Primary dermal fibroblasts	Healthy	adult
SRR6652127	/path/to/analysis/directory/SRR6652127_1.fastq	/path/to/analysis/directory/SRR6652127_2.fastq	skin	skin	AATGATACGGCGACCACCGAGATCTACACTCTTTCCCTACACGACGCTCTTCCGATCT	AATGATACGGCGACCACCGAGATCTACACTCTTTCCCTACACGACGCTCTTCCGATCT	unstranded	#8c510a	SRR6652127_skin	Primary dermal fibroblasts	Healthy	adult
SRR6652128	/path/to/analysis/directory/SRR6652128_1.fastq	/path/to/analysis/directory/SRR6652128_2.fastq	skin	skin	AATGATACGGCGACCACCGAGATCTACACTCTTTCCCTACACGACGCTCTTCCGATCT	AATGATACGGCGACCACCGAGATCTACACTCTTTCCCTACACGACGCTCTTCCGATCT	unstranded	#8c510a	SRR6652128_skin	Primary dermal fibroblasts	Healthy	adult
SRR6652130	/path/to/analysis/directory/SRR6652130_1.fastq	/path/to/analysis/directory/SRR6652130_2.fastq	skin	skin	AATGATACGGCGACCACCGAGATCTACACTCTTTCCCTACACGACGCTCTTCCGATCT	AATGATACGGCGACCACCGAGATCTACACTCTTTCCCTACACGACGCTCTTCCGATCT	unstranded	#8c510a	SRR6652130_skin	Primary dermal fibroblasts	Healthy	adult
SRR6652131	/path/to/analysis/directory/SRR6652131_1.fastq	/path/to/analysis/directory/SRR6652131_2.fastq	skin	skin	AATGATACGGCGACCACCGAGATCTACACTCTTTCCCTACACGACGCTCTTCCGATCT	AATGATACGGCGACCACCGAGATCTACACTCTTTCCCTACACGACGCTCTTCCGATCT	unstranded	#8c510a	SRR6652131_skin	Primary dermal fibroblasts	Healthy	adult
SRR6652132	/path/to/analysis/directory/SRR6652132_1.fastq	/path/to/analysis/directory/SRR6652132_2.fastq	skin	skin	AATGATACGGCGACCACCGAGATCTACACTCTTTCCCTACACGACGCTCTTCCGATCT	AATGATACGGCGACCACCGAGATCTACACTCTTTCCCTACACGACGCTCTTCCGATCT	unstranded	#8c510a	SRR6652132_skin	Primary dermal fibroblasts	Healthy	adult
SRR6652133	/path/to/analysis/directory/SRR6652133_1.fastq	/path/to/analysis/directory/SRR6652133_2.fastq	skin	skin	AATGATACGGCGACCACCGAGATCTACACTCTTTCCCTACACGACGCTCTTCCGATCT	AATGATACGGCGACCACCGAGATCTACACTCTTTCCCTACACGACGCTCTTCCGATCT	unstranded	#8c510a	SRR6652133_skin	Primary dermal fibroblasts	Healthy	adult
SRR6652135	/path/to/analysis/directory/SRR6652135_1.fastq	/path/to/analysis/directory/SRR6652135_2.fastq	skin	skin	AATGATACGGCGACCACCGAGATCTACACTCTTTCCCTACACGACGCTCTTCCGATCT	AATGATACGGCGACCACCGAGATCTACACTCTTTCCCTACACGACGCTCTTCCGATCT	unstranded	#8c510a	SRR6652135_skin	Primary dermal fibroblasts	Healthy	adult
SRR6652136	/path/to/analysis/directory/SRR6652136_1.fastq	/path/to/analysis/directory/SRR6652136_2.fastq	skin	skin	AATGATACGGCGACCACCGAGATCTACACTCTTTCCCTACACGACGCTCTTCCGATCT	AATGATACGGCGACCACCGAGATCTACACTCTTTCCCTACACGACGCTCTTCCGATCT	unstranded	#8c510a	SRR6652136_skin	Primary dermal fibroblasts	Healthy	adult
SRR6652137	/path/to/analysis/directory/SRR6652137_1.fastq	/path/to/analysis/directory/SRR6652137_2.fastq	skin	skin	AATGATACGGCGACCACCGAGATCTACACTCTTTCCCTACACGACGCTCTTCCGATCT	AATGATACGGCGACCACCGAGATCTACACTCTTTCCCTACACGACGCTCTTCCGATCT	unstranded	#8c510a	SRR6652137_skin	Primary dermal fibroblasts	Healthy	adult
SRR6652138	/path/to/analysis/directory/SRR6652138_1.fastq	/path/to/analysis/directory/SRR6652138_2.fastq	skin	skin	AATGATACGGCGACCACCGAGATCTACACTCTTTCCCTACACGACGCTCTTCCGATCT	AATGATACGGCGACCACCGAGATCTACACTCTTTCCCTACACGACGCTCTTCCGATCT	unstranded	#8c510a	SRR6652138_skin	Primary dermal fibroblasts	Healthy	adult
SRR6652139	/path/to/analysis/directory/SRR6652139_1.fastq	/path/to/analysis/directory/SRR6652139_2.fastq	skin	skin	AATGATACGGCGACCACCGAGATCTACACTCTTTCCCTACACGACGCTCTTCCGATCT	AATGATACGGCGACCACCGAGATCTACACTCTTTCCCTACACGACGCTCTTCCGATCT	unstranded	#8c510a	SRR6652139_skin	Primary dermal fibroblasts	Healthy	adult
SRR6652141	/path/to/analysis/directory/SRR6652141_1.fastq	/path/to/analysis/directory/SRR6652141_2.fastq	skin	skin	AATGATACGGCGACCACCGAGATCTACACTCTTTCCCTACACGACGCTCTTCCGATCT	AATGATACGGCGACCACCGAGATCTACACTCTTTCCCTACACGACGCTCTTCCGATCT	unstranded	#8c510a	SRR6652141_skin	Primary dermal fibroblasts	Healthy	adult
SRR6652142	/path/to/analysis/directory/SRR6652142_1.fastq	/path/to/analysis/directory/SRR6652142_2.fastq	skin	skin	AATGATACGGCGACCACCGAGATCTACACTCTTTCCCTACACGACGCTCTTCCGATCT	AATGATACGGCGACCACCGAGATCTACACTCTTTCCCTACACGACGCTCTTCCGATCT	unstranded	#8c510a	SRR6652142_skin	Primary dermal fibroblasts	Healthy	adult
SRR6652143	/path/to/analysis/directory/SRR6652143_1.fastq	/path/to/analysis/directory/SRR6652143_2.fastq	skin	skin	AATGATACGGCGACCACCGAGATCTACACTCTTTCCCTACACGACGCTCTTCCGATCT	AATGATACGGCGACCACCGAGATCTACACTCTTTCCCTACACGACGCTCTTCCGATCT	unstranded	#8c510a	SRR6652143_skin	Primary dermal fibroblasts	Healthy	adult
SRR6652144	/path/to/analysis/directory/SRR6652144_1.fastq	/path/to/analysis/directory/SRR6652144_2.fastq	skin	skin	AATGATACGGCGACCACCGAGATCTACACTCTTTCCCTACACGACGCTCTTCCGATCT	AATGATACGGCGACCACCGAGATCTACACTCTTTCCCTACACGACGCTCTTCCGATCT	unstranded	#8c510a	SRR6652144_skin	Primary dermal fibroblasts	Healthy	adult
SRR6652145	/path/to/analysis/directory/SRR6652145_1.fastq	/path/to/analysis/directory/SRR6652145_2.fastq	skin	skin	AATGATACGGCGACCACCGAGATCTACACTCTTTCCCTACACGACGCTCTTCCGATCT	AATGATACGGCGACCACCGAGATCTACACTCTTTCCCTACACGACGCTCTTCCGATCT	unstranded	#8c510a	SRR6652145_skin	Primary dermal fibroblasts	Healthy	adult
SRR6652146	/path/to/analysis/directory/SRR6652146_1.fastq	/path/to/analysis/directory/SRR6652146_2.fastq	skin	skin	AATGATACGGCGACCACCGAGATCTACACTCTTTCCCTACACGACGCTCTTCCGATCT	AATGATACGGCGACCACCGAGATCTACACTCTTTCCCTACACGACGCTCTTCCGATCT	unstranded	#8c510a	SRR6652146_skin	Primary dermal fibroblasts	Healthy	adult
SRR6652147	/path/to/analysis/directory/SRR6652147_1.fastq	/path/to/analysis/directory/SRR6652147_2.fastq	skin	skin	AATGATACGGCGACCACCGAGATCTACACTCTTTCCCTACACGACGCTCTTCCGATCT	AATGATACGGCGACCACCGAGATCTACACTCTTTCCCTACACGACGCTCTTCCGATCT	unstranded	#8c510a	SRR6652147_skin	Primary dermal fibroblasts	Healthy	adult
SRR6652148	/path/to/analysis/directory/SRR6652148_1.fastq	/path/to/analysis/directory/SRR6652148_2.fastq	skin	skin	AATGATACGGCGACCACCGAGATCTACACTCTTTCCCTACACGACGCTCTTCCGATCT	AATGATACGGCGACCACCGAGATCTACACTCTTTCCCTACACGACGCTCTTCCGATCT	unstranded	#8c510a	SRR6652148_skin	Primary dermal fibroblasts	Healthy	adult
SRR6652149	/path/to/analysis/directory/SRR6652149_1.fastq	/path/to/analysis/directory/SRR6652149_2.fastq	skin	skin	AATGATACGGCGACCACCGAGATCTACACTCTTTCCCTACACGACGCTCTTCCGATCT	AATGATACGGCGACCACCGAGATCTACACTCTTTCCCTACACGACGCTCTTCCGATCT	unstranded	#8c510a	SRR6652149_skin	Primary dermal fibroblasts	Healthy	adult
SRR6652150	/path/to/analysis/directory/SRR6652150_1.fastq	/path/to/analysis/directory/SRR6652150_2.fastq	skin	skin	AATGATACGGCGACCACCGAGATCTACACTCTTTCCCTACACGACGCTCTTCCGATCT	AATGATACGGCGACCACCGAGATCTACACTCTTTCCCTACACGACGCTCTTCCGATCT	unstranded	#8c510a	SRR6652150_skin	Primary dermal fibroblasts	Healthy	adult
SRR6652151	/path/to/analysis/directory/SRR6652151_1.fastq	/path/to/analysis/directory/SRR6652151_2.fastq	skin	skin	AATGATACGGCGACCACCGAGATCTACACTCTTTCCCTACACGACGCTCTTCCGATCT	AATGATACGGCGACCACCGAGATCTACACTCTTTCCCTACACGACGCTCTTCCGATCT	unstranded	#8c510a	SRR6652151_skin	Primary dermal fibroblasts	Healthy	adult
SRR6652152	/path/to/analysis/directory/SRR6652152_1.fastq	/path/to/analysis/directory/SRR6652152_2.fastq	skin	skin	AATGATACGGCGACCACCGAGATCTACACTCTTTCCCTACACGACGCTCTTCCGATCT	AATGATACGGCGACCACCGAGATCTACACTCTTTCCCTACACGACGCTCTTCCGATCT	unstranded	#8c510a	SRR6652152_skin	Primary dermal fibroblasts	Healthy	adult
SRR6652153	/path/to/analysis/directory/SRR6652153_1.fastq	/path/to/analysis/directory/SRR6652153_2.fastq	skin	skin	AATGATACGGCGACCACCGAGATCTACACTCTTTCCCTACACGACGCTCTTCCGATCT	AATGATACGGCGACCACCGAGATCTACACTCTTTCCCTACACGACGCTCTTCCGATCT	unstranded	#8c510a	SRR6652153_skin	Primary dermal fibroblasts	Healthy	adult
SRR6652154	/path/to/analysis/directory/SRR6652154_1.fastq	/path/to/analysis/directory/SRR6652154_2.fastq	skin	skin	AATGATACGGCGACCACCGAGATCTACACTCTTTCCCTACACGACGCTCTTCCGATCT	AATGATACGGCGACCACCGAGATCTACACTCTTTCCCTACACGACGCTCTTCCGATCT	unstranded	#8c510a	SRR6652154_skin	Primary dermal fibroblasts	Healthy	adult
SRR6652155	/path/to/analysis/directory/SRR6652155_1.fastq	/path/to/analysis/directory/SRR6652155_2.fastq	skin	skin	AATGATACGGCGACCACCGAGATCTACACTCTTTCCCTACACGACGCTCTTCCGATCT	AATGATACGGCGACCACCGAGATCTACACTCTTTCCCTACACGACGCTCTTCCGATCT	unstranded	#8c510a	SRR6652155_skin	Primary dermal fibroblasts	Healthy	adult
SRR6652156	/path/to/analysis/directory/SRR6652156_1.fastq	/path/to/analysis/directory/SRR6652156_2.fastq	skin	skin	AATGATACGGCGACCACCGAGATCTACACTCTTTCCCTACACGACGCTCTTCCGATCT	AATGATACGGCGACCACCGAGATCTACACTCTTTCCCTACACGACGCTCTTCCGATCT	unstranded	#8c510a	SRR6652156_skin	Primary dermal fibroblasts	Healthy	adult
SRR6652157	/path/to/analysis/directory/SRR6652157_1.fastq	/path/to/analysis/directory/SRR6652157_2.fastq	skin	skin	AATGATACGGCGACCACCGAGATCTACACTCTTTCCCTACACGACGCTCTTCCGATCT	AATGATACGGCGACCACCGAGATCTACACTCTTTCCCTACACGACGCTCTTCCGATCT	unstranded	#8c510a	SRR6652157_skin	Primary dermal fibroblasts	Healthy	adult
SRR6652158	/path/to/analysis/directory/SRR6652158_1.fastq	/path/to/analysis/directory/SRR6652158_2.fastq	skin	skin	AATGATACGGCGACCACCGAGATCTACACTCTTTCCCTACACGACGCTCTTCCGATCT	AATGATACGGCGACCACCGAGATCTACACTCTTTCCCTACACGACGCTCTTCCGATCT	unstranded	#8c510a	SRR6652158_skin	Primary dermal fibroblasts	Healthy	adult
SRR6652159	/path/to/analysis/directory/SRR6652159_1.fastq	/path/to/analysis/directory/SRR6652159_2.fastq	skin	skin	AATGATACGGCGACCACCGAGATCTACACTCTTTCCCTACACGACGCTCTTCCGATCT	AATGATACGGCGACCACCGAGATCTACACTCTTTCCCTACACGACGCTCTTCCGATCT	unstranded	#8c510a	SRR6652159_skin	Primary dermal fibroblasts	Healthy	adult
SRR6652160	/path/to/analysis/directory/SRR6652160_1.fastq	/path/to/analysis/directory/SRR6652160_2.fastq	skin	skin	AATGATACGGCGACCACCGAGATCTACACTCTTTCCCTACACGACGCTCTTCCGATCT	AATGATACGGCGACCACCGAGATCTACACTCTTTCCCTACACGACGCTCTTCCGATCT	unstranded	#8c510a	SRR6652160_skin	Primary dermal fibroblasts	Healthy	adult
SRR6652161	/path/to/analysis/directory/SRR6652161_1.fastq	/path/to/analysis/directory/SRR6652161_2.fastq	skin	skin	AATGATACGGCGACCACCGAGATCTACACTCTTTCCCTACACGACGCTCTTCCGATCT	AATGATACGGCGACCACCGAGATCTACACTCTTTCCCTACACGACGCTCTTCCGATCT	unstranded	#8c510a	SRR6652161_skin	Primary dermal fibroblasts	Healthy	adult
SRR6652162	/path/to/analysis/directory/SRR6652162_1.fastq	/path/to/analysis/directory/SRR6652162_2.fastq	skin	skin	AATGATACGGCGACCACCGAGATCTACACTCTTTCCCTACACGACGCTCTTCCGATCT	AATGATACGGCGACCACCGAGATCTACACTCTTTCCCTACACGACGCTCTTCCGATCT	unstranded	#8c510a	SRR6652162_skin	Primary dermal fibroblasts	Healthy	adult
SRR6652163	/path/to/analysis/directory/SRR6652163_1.fastq	/path/to/analysis/directory/SRR6652163_2.fastq	skin	skin	AATGATACGGCGACCACCGAGATCTACACTCTTTCCCTACACGACGCTCTTCCGATCT	AATGATACGGCGACCACCGAGATCTACACTCTTTCCCTACACGACGCTCTTCCGATCT	unstranded	#8c510a	SRR6652163_skin	Primary dermal fibroblasts	Healthy	adult
SRR6652164	/path/to/analysis/directory/SRR6652164_1.fastq	/path/to/analysis/directory/SRR6652164_2.fastq	skin	skin	AATGATACGGCGACCACCGAGATCTACACTCTTTCCCTACACGACGCTCTTCCGATCT	AATGATACGGCGACCACCGAGATCTACACTCTTTCCCTACACGACGCTCTTCCGATCT	unstranded	#8c510a	SRR6652164_skin	Primary dermal fibroblasts	Healthy	adult
SRR6652165	/path/to/analysis/directory/SRR6652165_1.fastq	/path/to/analysis/directory/SRR6652165_2.fastq	skin	skin	AATGATACGGCGACCACCGAGATCTACACTCTTTCCCTACACGACGCTCTTCCGATCT	AATGATACGGCGACCACCGAGATCTACACTCTTTCCCTACACGACGCTCTTCCGATCT	unstranded	#8c510a	SRR6652165_skin	Primary dermal fibroblasts	Healthy	adult
SRR6652166	/path/to/analysis/directory/SRR6652166_1.fastq	/path/to/analysis/directory/SRR6652166_2.fastq	skin	skin	AATGATACGGCGACCACCGAGATCTACACTCTTTCCCTACACGACGCTCTTCCGATCT	AATGATACGGCGACCACCGAGATCTACACTCTTTCCCTACACGACGCTCTTCCGATCT	unstranded	#8c510a	SRR6652166_skin	Primary dermal fibroblasts	Healthy	adult
SRR6652167	/path/to/analysis/directory/SRR6652167_1.fastq	/path/to/analysis/directory/SRR6652167_2.fastq	skin	skin	AATGATACGGCGACCACCGAGATCTACACTCTTTCCCTACACGACGCTCTTCCGATCT	AATGATACGGCGACCACCGAGATCTACACTCTTTCCCTACACGACGCTCTTCCGATCT	unstranded	#8c510a	SRR6652167_skin	Primary dermal fibroblasts	Healthy	adult
SRR6652168	/path/to/analysis/directory/SRR6652168_1.fastq	/path/to/analysis/directory/SRR6652168_2.fastq	skin	skin	AATGATACGGCGACCACCGAGATCTACACTCTTTCCCTACACGACGCTCTTCCGATCT	AATGATACGGCGACCACCGAGATCTACACTCTTTCCCTACACGACGCTCTTCCGATCT	unstranded	#8c510a	SRR6652168_skin	Primary dermal fibroblasts	Healthy	adult
SRR6652169	/path/to/analysis/directory/SRR6652169_1.fastq	/path/to/analysis/directory/SRR6652169_2.fastq	skin	skin	AATGATACGGCGACCACCGAGATCTACACTCTTTCCCTACACGACGCTCTTCCGATCT	AATGATACGGCGACCACCGAGATCTACACTCTTTCCCTACACGACGCTCTTCCGATCT	unstranded	#8c510a	SRR6652169_skin	Primary dermal fibroblasts	Healthy	adult
SRR6652170	/path/to/analysis/directory/SRR6652170_1.fastq	/path/to/analysis/directory/SRR6652170_2.fastq	skin	skin	AATGATACGGCGACCACCGAGATCTACACTCTTTCCCTACACGACGCTCTTCCGATCT	AATGATACGGCGACCACCGAGATCTACACTCTTTCCCTACACGACGCTCTTCCGATCT	unstranded	#8c510a	SRR6652170_skin	Primary dermal fibroblasts	Healthy	adult
SRR6652172	/path/to/analysis/directory/SRR6652172_1.fastq	/path/to/analysis/directory/SRR6652172_2.fastq	skin	skin	AATGATACGGCGACCACCGAGATCTACACTCTTTCCCTACACGACGCTCTTCCGATCT	AATGATACGGCGACCACCGAGATCTACACTCTTTCCCTACACGACGCTCTTCCGATCT	unstranded	#8c510a	SRR6652172_skin	Primary dermal fibroblasts	Healthy	adult
SRR6652175	/path/to/analysis/directory/SRR6652175_1.fastq	/path/to/analysis/directory/SRR6652175_2.fastq	skin	skin	AATGATACGGCGACCACCGAGATCTACACTCTTTCCCTACACGACGCTCTTCCGATCT	AATGATACGGCGACCACCGAGATCTACACTCTTTCCCTACACGACGCTCTTCCGATCT	unstranded	#8c510a	SRR6652175_skin	Primary dermal fibroblasts	Healthy	adult
SRR6652176	/path/to/analysis/directory/SRR6652176_1.fastq	/path/to/analysis/directory/SRR6652176_2.fastq	skin	skin	AATGATACGGCGACCACCGAGATCTACACTCTTTCCCTACACGACGCTCTTCCGATCT	AATGATACGGCGACCACCGAGATCTACACTCTTTCCCTACACGACGCTCTTCCGATCT	unstranded	#8c510a	SRR6652176_skin	Primary dermal fibroblasts	Healthy	adult
SRR6652177	/path/to/analysis/directory/SRR6652177_1.fastq	/path/to/analysis/directory/SRR6652177_2.fastq	skin	skin	AATGATACGGCGACCACCGAGATCTACACTCTTTCCCTACACGACGCTCTTCCGATCT	AATGATACGGCGACCACCGAGATCTACACTCTTTCCCTACACGACGCTCTTCCGATCT	unstranded	#8c510a	SRR6652177_skin	Primary dermal fibroblasts	Healthy	adult
SRR6652178	/path/to/analysis/directory/SRR6652178_1.fastq	/path/to/analysis/directory/SRR6652178_2.fastq	skin	skin	AATGATACGGCGACCACCGAGATCTACACTCTTTCCCTACACGACGCTCTTCCGATCT	AATGATACGGCGACCACCGAGATCTACACTCTTTCCCTACACGACGCTCTTCCGATCT	unstranded	#8c510a	SRR6652178_skin	Primary dermal fibroblasts	Healthy	adult
SRR6652179	/path/to/analysis/directory/SRR6652179_1.fastq	/path/to/analysis/directory/SRR6652179_2.fastq	skin	skin	AATGATACGGCGACCACCGAGATCTACACTCTTTCCCTACACGACGCTCTTCCGATCT	AATGATACGGCGACCACCGAGATCTACACTCTTTCCCTACACGACGCTCTTCCGATCT	unstranded	#8c510a	SRR6652179_skin	Primary dermal fibroblasts	Healthy	adult
SRR6652183	/path/to/analysis/directory/SRR6652183_1.fastq	/path/to/analysis/directory/SRR6652183_2.fastq	skin	skin	AATGATACGGCGACCACCGAGATCTACACTCTTTCCCTACACGACGCTCTTCCGATCT	AATGATACGGCGACCACCGAGATCTACACTCTTTCCCTACACGACGCTCTTCCGATCT	unstranded	#8c510a	SRR6652183_skin	Primary dermal fibroblasts	Healthy	adult
SRR6652185	/path/to/analysis/directory/SRR6652185_1.fastq	/path/to/analysis/directory/SRR6652185_2.fastq	skin	skin	AATGATACGGCGACCACCGAGATCTACACTCTTTCCCTACACGACGCTCTTCCGATCT	AATGATACGGCGACCACCGAGATCTACACTCTTTCCCTACACGACGCTCTTCCGATCT	unstranded	#8c510a	SRR6652185_skin	Primary dermal fibroblasts	Healthy	adult
SRR6652186	/path/to/analysis/directory/SRR6652186_1.fastq	/path/to/analysis/directory/SRR6652186_2.fastq	skin	skin	AATGATACGGCGACCACCGAGATCTACACTCTTTCCCTACACGACGCTCTTCCGATCT	AATGATACGGCGACCACCGAGATCTACACTCTTTCCCTACACGACGCTCTTCCGATCT	unstranded	#8c510a	SRR6652186_skin	Primary dermal fibroblasts	Healthy	adult
SRR6652188	/path/to/analysis/directory/SRR6652188_1.fastq	/path/to/analysis/directory/SRR6652188_2.fastq	skin	skin	AATGATACGGCGACCACCGAGATCTACACTCTTTCCCTACACGACGCTCTTCCGATCT	AATGATACGGCGACCACCGAGATCTACACTCTTTCCCTACACGACGCTCTTCCGATCT	unstranded	#8c510a	SRR6652188_skin	Primary dermal fibroblasts	Healthy	adult
SRR6652189	/path/to/analysis/directory/SRR6652189_1.fastq	/path/to/analysis/directory/SRR6652189_2.fastq	skin	skin	AATGATACGGCGACCACCGAGATCTACACTCTTTCCCTACACGACGCTCTTCCGATCT	AATGATACGGCGACCACCGAGATCTACACTCTTTCCCTACACGACGCTCTTCCGATCT	unstranded	#8c510a	SRR6652189_skin	Primary dermal fibroblasts	Healthy	adult
SRR6652190	/path/to/analysis/directory/SRR6652190_1.fastq	/path/to/analysis/directory/SRR6652190_2.fastq	skin	skin	AATGATACGGCGACCACCGAGATCTACACTCTTTCCCTACACGACGCTCTTCCGATCT	AATGATACGGCGACCACCGAGATCTACACTCTTTCCCTACACGACGCTCTTCCGATCT	unstranded	#8c510a	SRR6652190_skin	Primary dermal fibroblasts	Healthy	adult
SRR6652191	/path/to/analysis/directory/SRR6652191_1.fastq	/path/to/analysis/directory/SRR6652191_2.fastq	skin	skin	AATGATACGGCGACCACCGAGATCTACACTCTTTCCCTACACGACGCTCTTCCGATCT	AATGATACGGCGACCACCGAGATCTACACTCTTTCCCTACACGACGCTCTTCCGATCT	unstranded	#8c510a	SRR6652191_skin	Primary dermal fibroblasts	Healthy	adult
SRR6652194	/path/to/analysis/directory/SRR6652194_1.fastq	/path/to/analysis/directory/SRR6652194_2.fastq	skin	skin	AATGATACGGCGACCACCGAGATCTACACTCTTTCCCTACACGACGCTCTTCCGATCT	AATGATACGGCGACCACCGAGATCTACACTCTTTCCCTACACGACGCTCTTCCGATCT	unstranded	#8c510a	SRR6652194_skin	Primary dermal fibroblasts	Healthy	adult
SRR6652195	/path/to/analysis/directory/SRR6652195_1.fastq	/path/to/analysis/directory/SRR6652195_2.fastq	skin	skin	AATGATACGGCGACCACCGAGATCTACACTCTTTCCCTACACGACGCTCTTCCGATCT	AATGATACGGCGACCACCGAGATCTACACTCTTTCCCTACACGACGCTCTTCCGATCT	unstranded	#8c510a	SRR6652195_skin	Primary dermal fibroblasts	Healthy	adult
SRR6652197	/path/to/analysis/directory/SRR6652197_1.fastq	/path/to/analysis/directory/SRR6652197_2.fastq	skin	skin	AATGATACGGCGACCACCGAGATCTACACTCTTTCCCTACACGACGCTCTTCCGATCT	AATGATACGGCGACCACCGAGATCTACACTCTTTCCCTACACGACGCTCTTCCGATCT	unstranded	#8c510a	SRR6652197_skin	Primary dermal fibroblasts	Healthy	adult
SRR6652202	/path/to/analysis/directory/SRR6652202_1.fastq	/path/to/analysis/directory/SRR6652202_2.fastq	skin	skin	AATGATACGGCGACCACCGAGATCTACACTCTTTCCCTACACGACGCTCTTCCGATCT	AATGATACGGCGACCACCGAGATCTACACTCTTTCCCTACACGACGCTCTTCCGATCT	unstranded	#8c510a	SRR6652202_skin	Primary dermal fibroblasts	Healthy	adult
SRR6652203	/path/to/analysis/directory/SRR6652203_1.fastq	/path/to/analysis/directory/SRR6652203_2.fastq	skin	skin	AATGATACGGCGACCACCGAGATCTACACTCTTTCCCTACACGACGCTCTTCCGATCT	AATGATACGGCGACCACCGAGATCTACACTCTTTCCCTACACGACGCTCTTCCGATCT	unstranded	#8c510a	SRR6652203_skin	Primary dermal fibroblasts	Healthy	adult
SRR6652205	/path/to/analysis/directory/SRR6652205_1.fastq	/path/to/analysis/directory/SRR6652205_2.fastq	skin	skin	AATGATACGGCGACCACCGAGATCTACACTCTTTCCCTACACGACGCTCTTCCGATCT	AATGATACGGCGACCACCGAGATCTACACTCTTTCCCTACACGACGCTCTTCCGATCT	unstranded	#8c510a	SRR6652205_skin	Primary dermal fibroblasts	Healthy	adult
SRR6652208	/path/to/analysis/directory/SRR6652208_1.fastq	/path/to/analysis/directory/SRR6652208_2.fastq	skin	skin	AATGATACGGCGACCACCGAGATCTACACTCTTTCCCTACACGACGCTCTTCCGATCT	AATGATACGGCGACCACCGAGATCTACACTCTTTCCCTACACGACGCTCTTCCGATCT	unstranded	#8c510a	SRR6652208_skin	Primary dermal fibroblasts	Healthy	adult
SRR6652209	/path/to/analysis/directory/SRR6652209_1.fastq	/path/to/analysis/directory/SRR6652209_2.fastq	skin	skin	AATGATACGGCGACCACCGAGATCTACACTCTTTCCCTACACGACGCTCTTCCGATCT	AATGATACGGCGACCACCGAGATCTACACTCTTTCCCTACACGACGCTCTTCCGATCT	unstranded	#8c510a	SRR6652209_skin	Primary dermal fibroblasts	Healthy	adult
SRR6652210	/path/to/analysis/directory/SRR6652210_1.fastq	/path/to/analysis/directory/SRR6652210_2.fastq	skin	skin	AATGATACGGCGACCACCGAGATCTACACTCTTTCCCTACACGACGCTCTTCCGATCT	AATGATACGGCGACCACCGAGATCTACACTCTTTCCCTACACGACGCTCTTCCGATCT	unstranded	#8c510a	SRR6652210_skin	Primary dermal fibroblasts	Healthy	adult
SRR6652211	/path/to/analysis/directory/SRR6652211_1.fastq	/path/to/analysis/directory/SRR6652211_2.fastq	skin	skin	AATGATACGGCGACCACCGAGATCTACACTCTTTCCCTACACGACGCTCTTCCGATCT	AATGATACGGCGACCACCGAGATCTACACTCTTTCCCTACACGACGCTCTTCCGATCT	unstranded	#8c510a	SRR6652211_skin	Primary dermal fibroblasts	Healthy	adult
SRR6652214	/path/to/analysis/directory/SRR6652214_1.fastq	/path/to/analysis/directory/SRR6652214_2.fastq	skin	skin	AATGATACGGCGACCACCGAGATCTACACTCTTTCCCTACACGACGCTCTTCCGATCT	AATGATACGGCGACCACCGAGATCTACACTCTTTCCCTACACGACGCTCTTCCGATCT	unstranded	#8c510a	SRR6652214_skin	Primary dermal fibroblasts	Healthy	adult
SRR6652215	/path/to/analysis/directory/SRR6652215_1.fastq	/path/to/analysis/directory/SRR6652215_2.fastq	skin	skin	AATGATACGGCGACCACCGAGATCTACACTCTTTCCCTACACGACGCTCTTCCGATCT	AATGATACGGCGACCACCGAGATCTACACTCTTTCCCTACACGACGCTCTTCCGATCT	unstranded	#8c510a	SRR6652215_skin	Primary dermal fibroblasts	Healthy	adult
SRR6652216	/path/to/analysis/directory/SRR6652216_1.fastq	/path/to/analysis/directory/SRR6652216_2.fastq	skin	skin	AATGATACGGCGACCACCGAGATCTACACTCTTTCCCTACACGACGCTCTTCCGATCT	AATGATACGGCGACCACCGAGATCTACACTCTTTCCCTACACGACGCTCTTCCGATCT	unstranded	#8c510a	SRR6652216_skin	Primary dermal fibroblasts	Healthy	adult
SRR6652218	/path/to/analysis/directory/SRR6652218_1.fastq	/path/to/analysis/directory/SRR6652218_2.fastq	skin	skin	AATGATACGGCGACCACCGAGATCTACACTCTTTCCCTACACGACGCTCTTCCGATCT	AATGATACGGCGACCACCGAGATCTACACTCTTTCCCTACACGACGCTCTTCCGATCT	unstranded	#8c510a	SRR6652218_skin	Primary dermal fibroblasts	Healthy	adult
SRR6652219	/path/to/analysis/directory/SRR6652219_1.fastq	/path/to/analysis/directory/SRR6652219_2.fastq	skin	skin	AATGATACGGCGACCACCGAGATCTACACTCTTTCCCTACACGACGCTCTTCCGATCT	AATGATACGGCGACCACCGAGATCTACACTCTTTCCCTACACGACGCTCTTCCGATCT	unstranded	#8c510a	SRR6652219_skin	Primary dermal fibroblasts	Healthy	adult
SRR6652220	/path/to/analysis/directory/SRR6652220_1.fastq	/path/to/analysis/directory/SRR6652220_2.fastq	skin	skin	AATGATACGGCGACCACCGAGATCTACACTCTTTCCCTACACGACGCTCTTCCGATCT	AATGATACGGCGACCACCGAGATCTACACTCTTTCCCTACACGACGCTCTTCCGATCT	unstranded	#8c510a	SRR6652220_skin	Primary dermal fibroblasts	Healthy	adult
SRR6652221	/path/to/analysis/directory/SRR6652221_1.fastq	/path/to/analysis/directory/SRR6652221_2.fastq	skin	skin	AATGATACGGCGACCACCGAGATCTACACTCTTTCCCTACACGACGCTCTTCCGATCT	AATGATACGGCGACCACCGAGATCTACACTCTTTCCCTACACGACGCTCTTCCGATCT	unstranded	#8c510a	SRR6652221_skin	Primary dermal fibroblasts	Healthy	adult
SRR6652224	/path/to/analysis/directory/SRR6652224_1.fastq	/path/to/analysis/directory/SRR6652224_2.fastq	skin	skin	AATGATACGGCGACCACCGAGATCTACACTCTTTCCCTACACGACGCTCTTCCGATCT	AATGATACGGCGACCACCGAGATCTACACTCTTTCCCTACACGACGCTCTTCCGATCT	unstranded	#8c510a	SRR6652224_skin	Primary dermal fibroblasts	Healthy	adult
SRR6652225	/path/to/analysis/directory/SRR6652225_1.fastq	/path/to/analysis/directory/SRR6652225_2.fastq	skin	skin	AATGATACGGCGACCACCGAGATCTACACTCTTTCCCTACACGACGCTCTTCCGATCT	AATGATACGGCGACCACCGAGATCTACACTCTTTCCCTACACGACGCTCTTCCGATCT	unstranded	#8c510a	SRR6652225_skin	Primary dermal fibroblasts	Healthy	adult
SRR6652231	/path/to/analysis/directory/SRR6652231_1.fastq	/path/to/analysis/directory/SRR6652231_2.fastq	skin	skin	AATGATACGGCGACCACCGAGATCTACACTCTTTCCCTACACGACGCTCTTCCGATCT	AATGATACGGCGACCACCGAGATCTACACTCTTTCCCTACACGACGCTCTTCCGATCT	unstranded	#8c510a	SRR6652231_skin	Primary dermal fibroblasts	Healthy	adult
SRR6652232	/path/to/analysis/directory/SRR6652232_1.fastq	/path/to/analysis/directory/SRR6652232_2.fastq	skin	skin	AATGATACGGCGACCACCGAGATCTACACTCTTTCCCTACACGACGCTCTTCCGATCT	AATGATACGGCGACCACCGAGATCTACACTCTTTCCCTACACGACGCTCTTCCGATCT	unstranded	#8c510a	SRR6652232_skin	Primary dermal fibroblasts	Healthy	adult
SRR6652233	/path/to/analysis/directory/SRR6652233_1.fastq	/path/to/analysis/directory/SRR6652233_2.fastq	skin	skin	AATGATACGGCGACCACCGAGATCTACACTCTTTCCCTACACGACGCTCTTCCGATCT	AATGATACGGCGACCACCGAGATCTACACTCTTTCCCTACACGACGCTCTTCCGATCT	unstranded	#8c510a	SRR6652233_skin	Primary dermal fibroblasts	Healthy	adult
SRR6652234	/path/to/analysis/directory/SRR6652234_1.fastq	/path/to/analysis/directory/SRR6652234_2.fastq	skin	skin	AATGATACGGCGACCACCGAGATCTACACTCTTTCCCTACACGACGCTCTTCCGATCT	AATGATACGGCGACCACCGAGATCTACACTCTTTCCCTACACGACGCTCTTCCGATCT	unstranded	#8c510a	SRR6652234_skin	Primary dermal fibroblasts	Healthy	adult
SRR6652235	/path/to/analysis/directory/SRR6652235_1.fastq	/path/to/analysis/directory/SRR6652235_2.fastq	skin	skin	AATGATACGGCGACCACCGAGATCTACACTCTTTCCCTACACGACGCTCTTCCGATCT	AATGATACGGCGACCACCGAGATCTACACTCTTTCCCTACACGACGCTCTTCCGATCT	unstranded	#8c510a	SRR6652235_skin	Primary dermal fibroblasts	Healthy	adult
SRR6652236	/path/to/analysis/directory/SRR6652236_1.fastq	/path/to/analysis/directory/SRR6652236_2.fastq	skin	skin	AATGATACGGCGACCACCGAGATCTACACTCTTTCCCTACACGACGCTCTTCCGATCT	AATGATACGGCGACCACCGAGATCTACACTCTTTCCCTACACGACGCTCTTCCGATCT	unstranded	#8c510a	SRR6652236_skin	Primary dermal fibroblasts	Healthy	adult
SRR6652237	/path/to/analysis/directory/SRR6652237_1.fastq	/path/to/analysis/directory/SRR6652237_2.fastq	skin	skin	AATGATACGGCGACCACCGAGATCTACACTCTTTCCCTACACGACGCTCTTCCGATCT	AATGATACGGCGACCACCGAGATCTACACTCTTTCCCTACACGACGCTCTTCCGATCT	unstranded	#8c510a	SRR6652237_skin	Primary dermal fibroblasts	Healthy	adult
SRR6652239	/path/to/analysis/directory/SRR6652239_1.fastq	/path/to/analysis/directory/SRR6652239_2.fastq	skin	skin	AATGATACGGCGACCACCGAGATCTACACTCTTTCCCTACACGACGCTCTTCCGATCT	AATGATACGGCGACCACCGAGATCTACACTCTTTCCCTACACGACGCTCTTCCGATCT	unstranded	#8c510a	SRR6652239_skin	Primary dermal fibroblasts	Healthy	adult
SRR6652240	/path/to/analysis/directory/SRR6652240_1.fastq	/path/to/analysis/directory/SRR6652240_2.fastq	skin	skin	AATGATACGGCGACCACCGAGATCTACACTCTTTCCCTACACGACGCTCTTCCGATCT	AATGATACGGCGACCACCGAGATCTACACTCTTTCCCTACACGACGCTCTTCCGATCT	unstranded	#8c510a	SRR6652240_skin	Primary dermal fibroblasts	Healthy	adult
SRR6652241	/path/to/analysis/directory/SRR6652241_1.fastq	/path/to/analysis/directory/SRR6652241_2.fastq	skin	skin	AATGATACGGCGACCACCGAGATCTACACTCTTTCCCTACACGACGCTCTTCCGATCT	AATGATACGGCGACCACCGAGATCTACACTCTTTCCCTACACGACGCTCTTCCGATCT	unstranded	#8c510a	SRR6652241_skin	Primary dermal fibroblasts	Healthy	adult
SRR6652242	/path/to/analysis/directory/SRR6652242_1.fastq	/path/to/analysis/directory/SRR6652242_2.fastq	skin	skin	AATGATACGGCGACCACCGAGATCTACACTCTTTCCCTACACGACGCTCTTCCGATCT	AATGATACGGCGACCACCGAGATCTACACTCTTTCCCTACACGACGCTCTTCCGATCT	unstranded	#8c510a	SRR6652242_skin	Primary dermal fibroblasts	Healthy	adult
SRR6652243	/path/to/analysis/directory/SRR6652243_1.fastq	/path/to/analysis/directory/SRR6652243_2.fastq	skin	skin	AATGATACGGCGACCACCGAGATCTACACTCTTTCCCTACACGACGCTCTTCCGATCT	AATGATACGGCGACCACCGAGATCTACACTCTTTCCCTACACGACGCTCTTCCGATCT	unstranded	#8c510a	SRR6652243_skin	Primary dermal fibroblasts	Healthy	adult
SRR6652246	/path/to/analysis/directory/SRR6652246_1.fastq	/path/to/analysis/directory/SRR6652246_2.fastq	skin	skin	AATGATACGGCGACCACCGAGATCTACACTCTTTCCCTACACGACGCTCTTCCGATCT	AATGATACGGCGACCACCGAGATCTACACTCTTTCCCTACACGACGCTCTTCCGATCT	unstranded	#8c510a	SRR6652246_skin	Primary dermal fibroblasts	Healthy	adult
SRR6652248	/path/to/analysis/directory/SRR6652248_1.fastq	/path/to/analysis/directory/SRR6652248_2.fastq	skin	skin	AATGATACGGCGACCACCGAGATCTACACTCTTTCCCTACACGACGCTCTTCCGATCT	AATGATACGGCGACCACCGAGATCTACACTCTTTCCCTACACGACGCTCTTCCGATCT	unstranded	#8c510a	SRR6652248_skin	Primary dermal fibroblasts	Healthy	adult
SRR6652251	/path/to/analysis/directory/SRR6652251_1.fastq	/path/to/analysis/directory/SRR6652251_2.fastq	skin	skin	AATGATACGGCGACCACCGAGATCTACACTCTTTCCCTACACGACGCTCTTCCGATCT	AATGATACGGCGACCACCGAGATCTACACTCTTTCCCTACACGACGCTCTTCCGATCT	unstranded	#8c510a	SRR6652251_skin	Primary dermal fibroblasts	Healthy	adult
SRR6652252	/path/to/analysis/directory/SRR6652252_1.fastq	/path/to/analysis/directory/SRR6652252_2.fastq	skin	skin	AATGATACGGCGACCACCGAGATCTACACTCTTTCCCTACACGACGCTCTTCCGATCT	AATGATACGGCGACCACCGAGATCTACACTCTTTCCCTACACGACGCTCTTCCGATCT	unstranded	#8c510a	SRR6652252_skin	Primary dermal fibroblasts	Healthy	adult
SRR6652254	/path/to/analysis/directory/SRR6652254_1.fastq	/path/to/analysis/directory/SRR6652254_2.fastq	skin	skin	AATGATACGGCGACCACCGAGATCTACACTCTTTCCCTACACGACGCTCTTCCGATCT	AATGATACGGCGACCACCGAGATCTACACTCTTTCCCTACACGACGCTCTTCCGATCT	unstranded	#8c510a	SRR6652254_skin	Primary dermal fibroblasts	Healthy	adult
