sample	fq1	fq2	condition	reference	adapter1	adapter2	library	color	id
ERR3577244	/path/to/analysis/directory/ERR3577244.fastq		ovary	ovary	AGATCGGAAGAGCACACGTCTGAACTCCAGTCACCCAA		unstranded	#8c510a	ERR3577244_ovary
ERR3577245	/path/to/analysis/directory/ERR3577245.fastq		ovary	ovary	AGATCGGAAGAGCACACGTCTGAACTCCAGTCACCCAA		unstranded	#8c510a	ERR3577245_ovary
ERR3577246	/path/to/analysis/directory/ERR3577246.fastq		ovary	ovary	AGATCGGAAGAGCACACGTCTGAACTCCAGTCACCCAA		unstranded	#8c510a	ERR3577246_ovary
ERR3577247	/path/to/analysis/directory/ERR3577247.fastq		ovary	ovary	AGATCGGAAGAGCACACGTCTGAACTCCAGTCACCCAA		unstranded	#8c510a	ERR3577247_ovary
ERR3577248	/path/to/analysis/directory/ERR3577248.fastq		ovary	ovary	AGATCGGAAGAGCACACGTCTGAACTCCAGTCACCCAA		unstranded	#8c510a	ERR3577248_ovary
ERR3577249	/path/to/analysis/directory/ERR3577249.fastq		ovary	ovary	AGATCGGAAGAGCACACGTCTGAACTCCAGTCACCCAA		unstranded	#8c510a	ERR3577249_ovary
ERR3577250	/path/to/analysis/directory/ERR3577250.fastq		ovary	ovary	AGATCGGAAGAGCACACGTCTGAACTCCAGTCACCCAA		unstranded	#8c510a	ERR3577250_ovary
ERR3577251	/path/to/analysis/directory/ERR3577251.fastq		ovary	ovary	AGATCGGAAGAGCACACGTCTGAACTCCAGTCACCCAA		unstranded	#8c510a	ERR3577251_ovary
ERR3577252	/path/to/analysis/directory/ERR3577252.fastq		ovary	ovary	AGATCGGAAGAGCACACGTCTGAACTCCAGTCACCCAA		unstranded	#8c510a	ERR3577252_ovary
ERR3577253	/path/to/analysis/directory/ERR3577253.fastq		ovary	ovary	AGATCGGAAGAGCACACGTCTGAACTCCAGTCACCCAA		unstranded	#8c510a	ERR3577253_ovary
ERR3577254	/path/to/analysis/directory/ERR3577254.fastq		ovary	ovary	AGATCGGAAGAGCACACGTCTGAACTCCAGTCACCCAA		unstranded	#8c510a	ERR3577254_ovary
ERR3577255	/path/to/analysis/directory/ERR3577255.fastq		ovary	ovary	AGATCGGAAGAGCACACGTCTGAACTCCAGTCACCCAA		unstranded	#8c510a	ERR3577255_ovary
ERR3577256	/path/to/analysis/directory/ERR3577256.fastq		ovary	ovary	AGATCGGAAGAGCACACGTCTGAACTCCAGTCACCCAA		unstranded	#8c510a	ERR3577256_ovary
ERR3577257	/path/to/analysis/directory/ERR3577257.fastq		ovary	ovary	AGATCGGAAGAGCACACGTCTGAACTCCAGTCACCCAA		unstranded	#8c510a	ERR3577257_ovary
ERR3577258	/path/to/analysis/directory/ERR3577258.fastq		ovary	ovary	AGATCGGAAGAGCACACGTCTGAACTCCAGTCACCCAA		unstranded	#8c510a	ERR3577258_ovary
ERR3577259	/path/to/analysis/directory/ERR3577259.fastq		ovary	ovary	AGATCGGAAGAGCACACGTCTGAACTCCAGTCACCCAA		unstranded	#8c510a	ERR3577259_ovary
ERR3577260	/path/to/analysis/directory/ERR3577260.fastq		ovary	ovary	AGATCGGAAGAGCACACGTCTGAACTCCAGTCACCCAA		unstranded	#8c510a	ERR3577260_ovary
ERR3577261	/path/to/analysis/directory/ERR3577261.fastq		ovary	ovary	AGATCGGAAGAGCACACGTCTGAACTCCAGTCACCCAA		unstranded	#8c510a	ERR3577261_ovary
ERR3577262	/path/to/analysis/directory/ERR3577262.fastq		ovary	ovary	AGATCGGAAGAGCACACGTCTGAACTCCAGTCACCCAA		unstranded	#8c510a	ERR3577262_ovary
ERR3577263	/path/to/analysis/directory/ERR3577263.fastq		ovary	ovary	AGATCGGAAGAGCACACGTCTGAACTCCAGTCACCCAA		unstranded	#8c510a	ERR3577263_ovary
ERR3577264	/path/to/analysis/directory/ERR3577264.fastq		ovary	ovary	AGATCGGAAGAGCACACGTCTGAACTCCAGTCACCCAA		unstranded	#8c510a	ERR3577264_ovary
ERR3577265	/path/to/analysis/directory/ERR3577265.fastq		ovary	ovary	AGATCGGAAGAGCACACGTCTGAACTCCAGTCACCCAA		unstranded	#8c510a	ERR3577265_ovary
ERR3577266	/path/to/analysis/directory/ERR3577266.fastq		ovary	ovary	AGATCGGAAGAGCACACGTCTGAACTCCAGTCACCCAA		unstranded	#8c510a	ERR3577266_ovary
ERR3577267	/path/to/analysis/directory/ERR3577267.fastq		ovary	ovary	AGATCGGAAGAGCACACGTCTGAACTCCAGTCACCCAA		unstranded	#8c510a	ERR3577267_ovary
ERR3577268	/path/to/analysis/directory/ERR3577268.fastq		ovary	ovary	AGATCGGAAGAGCACACGTCTGAACTCCAGTCACCCAA		unstranded	#8c510a	ERR3577268_ovary
ERR3577269	/path/to/analysis/directory/ERR3577269.fastq		ovary	ovary	AGATCGGAAGAGCACACGTCTGAACTCCAGTCACCCAA		unstranded	#8c510a	ERR3577269_ovary
ERR3577270	/path/to/analysis/directory/ERR3577270.fastq		ovary	ovary	AGATCGGAAGAGCACACGTCTGAACTCCAGTCACCCAA		unstranded	#8c510a	ERR3577270_ovary
ERR3577271	/path/to/analysis/directory/ERR3577271.fastq		ovary	ovary	AGATCGGAAGAGCACACGTCTGAACTCCAGTCACCCAA		unstranded	#8c510a	ERR3577271_ovary
ERR3577272	/path/to/analysis/directory/ERR3577272.fastq		ovary	ovary	AGATCGGAAGAGCACACGTCTGAACTCCAGTCACCCAA		unstranded	#8c510a	ERR3577272_ovary
ERR3577273	/path/to/analysis/directory/ERR3577273.fastq		ovary	ovary	AGATCGGAAGAGCACACGTCTGAACTCCAGTCACCCAA		unstranded	#8c510a	ERR3577273_ovary
ERR3577274	/path/to/analysis/directory/ERR3577274.fastq		ovary	ovary	AGATCGGAAGAGCACACGTCTGAACTCCAGTCACCCAA		unstranded	#8c510a	ERR3577274_ovary
ERR3577275	/path/to/analysis/directory/ERR3577275.fastq		ovary	ovary	AGATCGGAAGAGCACACGTCTGAACTCCAGTCACCCAA		unstranded	#8c510a	ERR3577275_ovary
ERR3577276	/path/to/analysis/directory/ERR3577276.fastq		ovary	ovary	AGATCGGAAGAGCACACGTCTGAACTCCAGTCACCCAA		unstranded	#8c510a	ERR3577276_ovary
ERR3577277	/path/to/analysis/directory/ERR3577277.fastq		ovary	ovary	AGATCGGAAGAGCACACGTCTGAACTCCAGTCACCCAA		unstranded	#8c510a	ERR3577277_ovary
ERR3577278	/path/to/analysis/directory/ERR3577278.fastq		ovary	ovary	AGATCGGAAGAGCACACGTCTGAACTCCAGTCACCCAA		unstranded	#8c510a	ERR3577278_ovary
ERR3577279	/path/to/analysis/directory/ERR3577279.fastq		ovary	ovary	AGATCGGAAGAGCACACGTCTGAACTCCAGTCACCCAA		unstranded	#8c510a	ERR3577279_ovary
ERR3577280	/path/to/analysis/directory/ERR3577280.fastq		ovary	ovary	AGATCGGAAGAGCACACGTCTGAACTCCAGTCACCCAA		unstranded	#8c510a	ERR3577280_ovary
ERR3577281	/path/to/analysis/directory/ERR3577281.fastq		ovary	ovary	AGATCGGAAGAGCACACGTCTGAACTCCAGTCACCCAA		unstranded	#8c510a	ERR3577281_ovary
ERR3577282	/path/to/analysis/directory/ERR3577282.fastq		ovary	ovary	AGATCGGAAGAGCACACGTCTGAACTCCAGTCACCCAA		unstranded	#8c510a	ERR3577282_ovary
ERR3577283	/path/to/analysis/directory/ERR3577283.fastq		ovary	ovary	AGATCGGAAGAGCACACGTCTGAACTCCAGTCACCCAA		unstranded	#8c510a	ERR3577283_ovary
