sample	fq1	fq2	condition	reference	adapter1	adapter2	library	color	id	cell
SRR8579053	/path/to/analysis/directory/SRR8579053.fastq		blood	blodd	AATGATACGGCGACCACCGAGATCTACACTCTTTCCCTACACGACGCTCTTCCGATCT		unstranded	#8c510a	SRR8579053_blood	CD19+
SRR8579054	/path/to/analysis/directory/SRR8579054.fastq		blood	blodd	AATGATACGGCGACCACCGAGATCTACACTCTTTCCCTACACGACGCTCTTCCGATCT		unstranded	#8c510a	SRR8579054_blood	CD19+
SRR8579055	/path/to/analysis/directory/SRR8579055.fastq		blood	blodd	AATGATACGGCGACCACCGAGATCTACACTCTTTCCCTACACGACGCTCTTCCGATCT		unstranded	#8c510a	SRR8579055_blood	CD19+
SRR8579056	/path/to/analysis/directory/SRR8579056.fastq		blood	blodd	AATGATACGGCGACCACCGAGATCTACACTCTTTCCCTACACGACGCTCTTCCGATCT		unstranded	#8c510a	SRR8579056_blood	CD19+
SRR8579057	/path/to/analysis/directory/SRR8579057.fastq		blood	blodd	AATGATACGGCGACCACCGAGATCTACACTCTTTCCCTACACGACGCTCTTCCGATCT		unstranded	#8c510a	SRR8579057_blood	CD19+
SRR8579058	/path/to/analysis/directory/SRR8579058.fastq		blood	blodd	AATGATACGGCGACCACCGAGATCTACACTCTTTCCCTACACGACGCTCTTCCGATCT		unstranded	#8c510a	SRR8579058_blood	CD19+
SRR8579059	/path/to/analysis/directory/SRR8579059.fastq		blood	blodd	AATGATACGGCGACCACCGAGATCTACACTCTTTCCCTACACGACGCTCTTCCGATCT		unstranded	#8c510a	SRR8579059_blood	CD19+
SRR8579060	/path/to/analysis/directory/SRR8579060.fastq		blood	blodd	AATGATACGGCGACCACCGAGATCTACACTCTTTCCCTACACGACGCTCTTCCGATCT		unstranded	#8c510a	SRR8579060_blood	CD19+
SRR8579061	/path/to/analysis/directory/SRR8579061.fastq		blood	blodd	AATGATACGGCGACCACCGAGATCTACACTCTTTCCCTACACGACGCTCTTCCGATCT		unstranded	#8c510a	SRR8579061_blood	CD19+
SRR8579062	/path/to/analysis/directory/SRR8579062.fastq		blood	blodd	AATGATACGGCGACCACCGAGATCTACACTCTTTCCCTACACGACGCTCTTCCGATCT		unstranded	#8c510a	SRR8579062_blood	CD19+
SRR8579063	/path/to/analysis/directory/SRR8579063.fastq		blood	blodd	AATGATACGGCGACCACCGAGATCTACACTCTTTCCCTACACGACGCTCTTCCGATCT		unstranded	#8c510a	SRR8579063_blood	CD19+
SRR8579064	/path/to/analysis/directory/SRR8579064.fastq		blood	blodd	AATGATACGGCGACCACCGAGATCTACACTCTTTCCCTACACGACGCTCTTCCGATCT		unstranded	#8c510a	SRR8579064_blood	CD19+
SRR8579065	/path/to/analysis/directory/SRR8579065.fastq		blood	blodd	AATGATACGGCGACCACCGAGATCTACACTCTTTCCCTACACGACGCTCTTCCGATCT		unstranded	#8c510a	SRR8579065_blood	CD19+
SRR8579066	/path/to/analysis/directory/SRR8579066.fastq		blood	blodd	AATGATACGGCGACCACCGAGATCTACACTCTTTCCCTACACGACGCTCTTCCGATCT		unstranded	#8c510a	SRR8579066_blood	CD19+
SRR8579067	/path/to/analysis/directory/SRR8579067.fastq		blood	blodd	AATGATACGGCGACCACCGAGATCTACACTCTTTCCCTACACGACGCTCTTCCGATCT		unstranded	#8c510a	SRR8579067_blood	CD19+
SRR8579068	/path/to/analysis/directory/SRR8579068.fastq		blood	blodd	AATGATACGGCGACCACCGAGATCTACACTCTTTCCCTACACGACGCTCTTCCGATCT		unstranded	#8c510a	SRR8579068_blood	CD19+
SRR8579069	/path/to/analysis/directory/SRR8579069.fastq		blood	blodd	AATGATACGGCGACCACCGAGATCTACACTCTTTCCCTACACGACGCTCTTCCGATCT		unstranded	#8c510a	SRR8579069_blood	CD19+
SRR8579070	/path/to/analysis/directory/SRR8579070.fastq		blood	blodd	AATGATACGGCGACCACCGAGATCTACACTCTTTCCCTACACGACGCTCTTCCGATCT		unstranded	#8c510a	SRR8579070_blood	CD19+
SRR8579071	/path/to/analysis/directory/SRR8579071.fastq		blood	blodd	AATGATACGGCGACCACCGAGATCTACACTCTTTCCCTACACGACGCTCTTCCGATCT		unstranded	#8c510a	SRR8579071_blood	CD19+
SRR8579073	/path/to/analysis/directory/SRR8579073.fastq		blood	blodd	AATGATACGGCGACCACCGAGATCTACACTCTTTCCCTACACGACGCTCTTCCGATCT		unstranded	#8c510a	SRR8579073_blood	CD19+
SRR8579074	/path/to/analysis/directory/SRR8579074.fastq		blood	blodd	AATGATACGGCGACCACCGAGATCTACACTCTTTCCCTACACGACGCTCTTCCGATCT		unstranded	#8c510a	SRR8579074_blood	CD19+
SRR8579075	/path/to/analysis/directory/SRR8579075.fastq		blood	blodd	AATGATACGGCGACCACCGAGATCTACACTCTTTCCCTACACGACGCTCTTCCGATCT		unstranded	#8c510a	SRR8579075_blood	CD19+
SRR8579076	/path/to/analysis/directory/SRR8579076.fastq		blood	blodd	AATGATACGGCGACCACCGAGATCTACACTCTTTCCCTACACGACGCTCTTCCGATCT		unstranded	#8c510a	SRR8579076_blood	CD19+
SRR8579077	/path/to/analysis/directory/SRR8579077.fastq		blood	blodd	AATGATACGGCGACCACCGAGATCTACACTCTTTCCCTACACGACGCTCTTCCGATCT		unstranded	#8c510a	SRR8579077_blood	CD19+
SRR8579078	/path/to/analysis/directory/SRR8579078.fastq		blood	blodd	AATGATACGGCGACCACCGAGATCTACACTCTTTCCCTACACGACGCTCTTCCGATCT		unstranded	#8c510a	SRR8579078_blood	CD19+
SRR8579079	/path/to/analysis/directory/SRR8579079.fastq		blood	blodd	AATGATACGGCGACCACCGAGATCTACACTCTTTCCCTACACGACGCTCTTCCGATCT		unstranded	#8c510a	SRR8579079_blood	CD19+
SRR8579080	/path/to/analysis/directory/SRR8579080.fastq		blood	blodd	AATGATACGGCGACCACCGAGATCTACACTCTTTCCCTACACGACGCTCTTCCGATCT		unstranded	#8c510a	SRR8579080_blood	CD19+
SRR8579081	/path/to/analysis/directory/SRR8579081.fastq		blood	blodd	AATGATACGGCGACCACCGAGATCTACACTCTTTCCCTACACGACGCTCTTCCGATCT		unstranded	#8c510a	SRR8579081_blood	CD19+
SRR8579082	/path/to/analysis/directory/SRR8579082.fastq		blood	blodd	AATGATACGGCGACCACCGAGATCTACACTCTTTCCCTACACGACGCTCTTCCGATCT		unstranded	#8c510a	SRR8579082_blood	CD19+
SRR8579083	/path/to/analysis/directory/SRR8579083.fastq		blood	blodd	AATGATACGGCGACCACCGAGATCTACACTCTTTCCCTACACGACGCTCTTCCGATCT		unstranded	#8c510a	SRR8579083_blood	CD19+
SRR8579084	/path/to/analysis/directory/SRR8579084.fastq		blood	blodd	AATGATACGGCGACCACCGAGATCTACACTCTTTCCCTACACGACGCTCTTCCGATCT		unstranded	#8c510a	SRR8579084_blood	CD19+
SRR8579085	/path/to/analysis/directory/SRR8579085.fastq		blood	blodd	AATGATACGGCGACCACCGAGATCTACACTCTTTCCCTACACGACGCTCTTCCGATCT		unstranded	#8c510a	SRR8579085_blood	CD19+
SRR8579086	/path/to/analysis/directory/SRR8579086.fastq		blood	blodd	AATGATACGGCGACCACCGAGATCTACACTCTTTCCCTACACGACGCTCTTCCGATCT		unstranded	#8c510a	SRR8579086_blood	CD19+
SRR8579087	/path/to/analysis/directory/SRR8579087.fastq		blood	blodd	AATGATACGGCGACCACCGAGATCTACACTCTTTCCCTACACGACGCTCTTCCGATCT		unstranded	#8c510a	SRR8579087_blood	CD19+
SRR8579088	/path/to/analysis/directory/SRR8579088.fastq		blood	blodd	AATGATACGGCGACCACCGAGATCTACACTCTTTCCCTACACGACGCTCTTCCGATCT		unstranded	#8c510a	SRR8579088_blood	CD19+
SRR8579089	/path/to/analysis/directory/SRR8579089.fastq		blood	blodd	AATGATACGGCGACCACCGAGATCTACACTCTTTCCCTACACGACGCTCTTCCGATCT		unstranded	#8c510a	SRR8579089_blood	CD19+
SRR8579090	/path/to/analysis/directory/SRR8579090.fastq		blood	blodd	AATGATACGGCGACCACCGAGATCTACACTCTTTCCCTACACGACGCTCTTCCGATCT		unstranded	#8c510a	SRR8579090_blood	CD19+
SRR8579091	/path/to/analysis/directory/SRR8579091.fastq		blood	blodd	AATGATACGGCGACCACCGAGATCTACACTCTTTCCCTACACGACGCTCTTCCGATCT		unstranded	#8c510a	SRR8579091_blood	CD19+
SRR8579092	/path/to/analysis/directory/SRR8579092.fastq		blood	blodd	AATGATACGGCGACCACCGAGATCTACACTCTTTCCCTACACGACGCTCTTCCGATCT		unstranded	#8c510a	SRR8579092_blood	CD19+
SRR8579093	/path/to/analysis/directory/SRR8579093.fastq		blood	blodd	AATGATACGGCGACCACCGAGATCTACACTCTTTCCCTACACGACGCTCTTCCGATCT		unstranded	#8c510a	SRR8579093_blood	CD19+
SRR8579094	/path/to/analysis/directory/SRR8579094.fastq		blood	blodd	AATGATACGGCGACCACCGAGATCTACACTCTTTCCCTACACGACGCTCTTCCGATCT		unstranded	#8c510a	SRR8579094_blood	CD19+
SRR8579095	/path/to/analysis/directory/SRR8579095.fastq		blood	blodd	AATGATACGGCGACCACCGAGATCTACACTCTTTCCCTACACGACGCTCTTCCGATCT		unstranded	#8c510a	SRR8579095_blood	CD19+
SRR8579096	/path/to/analysis/directory/SRR8579096.fastq		blood	blodd	AATGATACGGCGACCACCGAGATCTACACTCTTTCCCTACACGACGCTCTTCCGATCT		unstranded	#8c510a	SRR8579096_blood	CD19+
SRR8579097	/path/to/analysis/directory/SRR8579097.fastq		blood	blodd	AATGATACGGCGACCACCGAGATCTACACTCTTTCCCTACACGACGCTCTTCCGATCT		unstranded	#8c510a	SRR8579097_blood	CD19+
SRR8579098	/path/to/analysis/directory/SRR8579098.fastq		blood	blodd	AATGATACGGCGACCACCGAGATCTACACTCTTTCCCTACACGACGCTCTTCCGATCT		unstranded	#8c510a	SRR8579098_blood	CD19+
SRR8579099	/path/to/analysis/directory/SRR8579099.fastq		blood	blodd	AATGATACGGCGACCACCGAGATCTACACTCTTTCCCTACACGACGCTCTTCCGATCT		unstranded	#8c510a	SRR8579099_blood	CD19+
SRR8579100	/path/to/analysis/directory/SRR8579100.fastq		blood	blodd	AATGATACGGCGACCACCGAGATCTACACTCTTTCCCTACACGACGCTCTTCCGATCT		unstranded	#8c510a	SRR8579100_blood	CD19+
SRR8579101	/path/to/analysis/directory/SRR8579101.fastq		blood	blodd	AATGATACGGCGACCACCGAGATCTACACTCTTTCCCTACACGACGCTCTTCCGATCT		unstranded	#8c510a	SRR8579101_blood	CD19+
SRR8579102	/path/to/analysis/directory/SRR8579102.fastq		blood	blodd	AATGATACGGCGACCACCGAGATCTACACTCTTTCCCTACACGACGCTCTTCCGATCT		unstranded	#8c510a	SRR8579102_blood	CD19+
SRR8579103	/path/to/analysis/directory/SRR8579103.fastq		blood	blodd	AATGATACGGCGACCACCGAGATCTACACTCTTTCCCTACACGACGCTCTTCCGATCT		unstranded	#8c510a	SRR8579103_blood	CD19+
SRR8579104	/path/to/analysis/directory/SRR8579104.fastq		blood	blodd	AATGATACGGCGACCACCGAGATCTACACTCTTTCCCTACACGACGCTCTTCCGATCT		unstranded	#8c510a	SRR8579104_blood	CD19+
SRR8579105	/path/to/analysis/directory/SRR8579105.fastq		blood	blodd	AATGATACGGCGACCACCGAGATCTACACTCTTTCCCTACACGACGCTCTTCCGATCT		unstranded	#8c510a	SRR8579105_blood	CD19+
SRR8579106	/path/to/analysis/directory/SRR8579106.fastq		blood	blodd	AATGATACGGCGACCACCGAGATCTACACTCTTTCCCTACACGACGCTCTTCCGATCT		unstranded	#8c510a	SRR8579106_blood	CD19+
SRR8579107	/path/to/analysis/directory/SRR8579107.fastq		blood	blodd	AATGATACGGCGACCACCGAGATCTACACTCTTTCCCTACACGACGCTCTTCCGATCT		unstranded	#8c510a	SRR8579107_blood	CD19+
SRR8579108	/path/to/analysis/directory/SRR8579108.fastq		blood	blodd	AATGATACGGCGACCACCGAGATCTACACTCTTTCCCTACACGACGCTCTTCCGATCT		unstranded	#8c510a	SRR8579108_blood	CD19+
SRR8579109	/path/to/analysis/directory/SRR8579109.fastq		blood	blodd	AATGATACGGCGACCACCGAGATCTACACTCTTTCCCTACACGACGCTCTTCCGATCT		unstranded	#8c510a	SRR8579109_blood	CD19+
SRR8579110	/path/to/analysis/directory/SRR8579110.fastq		blood	blodd	AATGATACGGCGACCACCGAGATCTACACTCTTTCCCTACACGACGCTCTTCCGATCT		unstranded	#8c510a	SRR8579110_blood	CD19+
SRR8579111	/path/to/analysis/directory/SRR8579111.fastq		blood	blodd	AATGATACGGCGACCACCGAGATCTACACTCTTTCCCTACACGACGCTCTTCCGATCT		unstranded	#8c510a	SRR8579111_blood	CD19+
SRR8579112	/path/to/analysis/directory/SRR8579112.fastq		blood	blodd	AATGATACGGCGACCACCGAGATCTACACTCTTTCCCTACACGACGCTCTTCCGATCT		unstranded	#8c510a	SRR8579112_blood	CD19+
SRR8579113	/path/to/analysis/directory/SRR8579113.fastq		blood	blodd	AATGATACGGCGACCACCGAGATCTACACTCTTTCCCTACACGACGCTCTTCCGATCT		unstranded	#8c510a	SRR8579113_blood	CD19+
SRR8579114	/path/to/analysis/directory/SRR8579114.fastq		blood	blodd	AATGATACGGCGACCACCGAGATCTACACTCTTTCCCTACACGACGCTCTTCCGATCT		unstranded	#8c510a	SRR8579114_blood	CD19+
SRR8579115	/path/to/analysis/directory/SRR8579115.fastq		blood	blodd	AATGATACGGCGACCACCGAGATCTACACTCTTTCCCTACACGACGCTCTTCCGATCT		unstranded	#8c510a	SRR8579115_blood	CD19+
SRR8579116	/path/to/analysis/directory/SRR8579116.fastq		blood	blodd	AATGATACGGCGACCACCGAGATCTACACTCTTTCCCTACACGACGCTCTTCCGATCT		unstranded	#8c510a	SRR8579116_blood	CD19+
SRR8579117	/path/to/analysis/directory/SRR8579117.fastq		blood	blodd	AATGATACGGCGACCACCGAGATCTACACTCTTTCCCTACACGACGCTCTTCCGATCT		unstranded	#8c510a	SRR8579117_blood	CD19+
SRR8579118	/path/to/analysis/directory/SRR8579118.fastq		blood	blodd	AATGATACGGCGACCACCGAGATCTACACTCTTTCCCTACACGACGCTCTTCCGATCT		unstranded	#8c510a	SRR8579118_blood	CD19+
SRR8579119	/path/to/analysis/directory/SRR8579119.fastq		blood	blodd	AATGATACGGCGACCACCGAGATCTACACTCTTTCCCTACACGACGCTCTTCCGATCT		unstranded	#8c510a	SRR8579119_blood	CD19+
SRR8579120	/path/to/analysis/directory/SRR8579120.fastq		blood	blodd	AATGATACGGCGACCACCGAGATCTACACTCTTTCCCTACACGACGCTCTTCCGATCT		unstranded	#8c510a	SRR8579120_blood	CD19+
SRR8579121	/path/to/analysis/directory/SRR8579121.fastq		blood	blodd	AATGATACGGCGACCACCGAGATCTACACTCTTTCCCTACACGACGCTCTTCCGATCT		unstranded	#8c510a	SRR8579121_blood	CD19+
SRR8579122	/path/to/analysis/directory/SRR8579122.fastq		blood	blodd	AATGATACGGCGACCACCGAGATCTACACTCTTTCCCTACACGACGCTCTTCCGATCT		unstranded	#8c510a	SRR8579122_blood	CD19+
SRR8579123	/path/to/analysis/directory/SRR8579123.fastq		blood	blodd	AATGATACGGCGACCACCGAGATCTACACTCTTTCCCTACACGACGCTCTTCCGATCT		unstranded	#8c510a	SRR8579123_blood	CD19+
SRR8579124	/path/to/analysis/directory/SRR8579124.fastq		blood	blodd	AATGATACGGCGACCACCGAGATCTACACTCTTTCCCTACACGACGCTCTTCCGATCT		unstranded	#8c510a	SRR8579124_blood	CD19+
SRR8579125	/path/to/analysis/directory/SRR8579125.fastq		blood	blodd	AATGATACGGCGACCACCGAGATCTACACTCTTTCCCTACACGACGCTCTTCCGATCT		unstranded	#8c510a	SRR8579125_blood	CD19+
SRR8579126	/path/to/analysis/directory/SRR8579126.fastq		blood	blodd	AATGATACGGCGACCACCGAGATCTACACTCTTTCCCTACACGACGCTCTTCCGATCT		unstranded	#8c510a	SRR8579126_blood	CD19+
SRR8579127	/path/to/analysis/directory/SRR8579127.fastq		blood	blodd	AATGATACGGCGACCACCGAGATCTACACTCTTTCCCTACACGACGCTCTTCCGATCT		unstranded	#8c510a	SRR8579127_blood	CD19+
SRR8579128	/path/to/analysis/directory/SRR8579128.fastq		blood	blodd	AATGATACGGCGACCACCGAGATCTACACTCTTTCCCTACACGACGCTCTTCCGATCT		unstranded	#8c510a	SRR8579128_blood	CD19+
SRR8579129	/path/to/analysis/directory/SRR8579129.fastq		blood	blodd	AATGATACGGCGACCACCGAGATCTACACTCTTTCCCTACACGACGCTCTTCCGATCT		unstranded	#8c510a	SRR8579129_blood	CD19+
SRR8579130	/path/to/analysis/directory/SRR8579130.fastq		blood	blodd	AATGATACGGCGACCACCGAGATCTACACTCTTTCCCTACACGACGCTCTTCCGATCT		unstranded	#8c510a	SRR8579130_blood	CD19+
SRR8579131	/path/to/analysis/directory/SRR8579131.fastq		blood	blodd	AATGATACGGCGACCACCGAGATCTACACTCTTTCCCTACACGACGCTCTTCCGATCT		unstranded	#8c510a	SRR8579131_blood	CD19+
SRR8579132	/path/to/analysis/directory/SRR8579132.fastq		blood	blodd	AATGATACGGCGACCACCGAGATCTACACTCTTTCCCTACACGACGCTCTTCCGATCT		unstranded	#8c510a	SRR8579132_blood	CD19+
SRR8579133	/path/to/analysis/directory/SRR8579133.fastq		blood	blodd	AATGATACGGCGACCACCGAGATCTACACTCTTTCCCTACACGACGCTCTTCCGATCT		unstranded	#8c510a	SRR8579133_blood	CD19+
SRR8579134	/path/to/analysis/directory/SRR8579134.fastq		blood	blodd	AATGATACGGCGACCACCGAGATCTACACTCTTTCCCTACACGACGCTCTTCCGATCT		unstranded	#8c510a	SRR8579134_blood	CD19+
SRR8579135	/path/to/analysis/directory/SRR8579135.fastq		blood	blodd	AATGATACGGCGACCACCGAGATCTACACTCTTTCCCTACACGACGCTCTTCCGATCT		unstranded	#8c510a	SRR8579135_blood	CD19+
SRR8579136	/path/to/analysis/directory/SRR8579136.fastq		blood	blodd	AATGATACGGCGACCACCGAGATCTACACTCTTTCCCTACACGACGCTCTTCCGATCT		unstranded	#8c510a	SRR8579136_blood	CD19+
SRR8579137	/path/to/analysis/directory/SRR8579137.fastq		blood	blodd	AATGATACGGCGACCACCGAGATCTACACTCTTTCCCTACACGACGCTCTTCCGATCT		unstranded	#8c510a	SRR8579137_blood	CD19+
SRR8579138	/path/to/analysis/directory/SRR8579138.fastq		blood	blodd	AATGATACGGCGACCACCGAGATCTACACTCTTTCCCTACACGACGCTCTTCCGATCT		unstranded	#8c510a	SRR8579138_blood	CD19+
SRR8579139	/path/to/analysis/directory/SRR8579139.fastq		blood	blodd	AATGATACGGCGACCACCGAGATCTACACTCTTTCCCTACACGACGCTCTTCCGATCT		unstranded	#8c510a	SRR8579139_blood	CD19+
SRR8579140	/path/to/analysis/directory/SRR8579140.fastq		blood	blodd	AATGATACGGCGACCACCGAGATCTACACTCTTTCCCTACACGACGCTCTTCCGATCT		unstranded	#8c510a	SRR8579140_blood	CD19+
SRR8579141	/path/to/analysis/directory/SRR8579141.fastq		blood	blodd	AATGATACGGCGACCACCGAGATCTACACTCTTTCCCTACACGACGCTCTTCCGATCT		unstranded	#8c510a	SRR8579141_blood	CD19+
SRR8579142	/path/to/analysis/directory/SRR8579142.fastq		blood	blodd	AATGATACGGCGACCACCGAGATCTACACTCTTTCCCTACACGACGCTCTTCCGATCT		unstranded	#8c510a	SRR8579142_blood	CD19+
SRR8579143	/path/to/analysis/directory/SRR8579143.fastq		blood	blodd	AATGATACGGCGACCACCGAGATCTACACTCTTTCCCTACACGACGCTCTTCCGATCT		unstranded	#8c510a	SRR8579143_blood	CD19+
SRR8579144	/path/to/analysis/directory/SRR8579144.fastq		blood	blodd	AATGATACGGCGACCACCGAGATCTACACTCTTTCCCTACACGACGCTCTTCCGATCT		unstranded	#8c510a	SRR8579144_blood	CD19+
SRR8579145	/path/to/analysis/directory/SRR8579145.fastq		blood	blodd	AATGATACGGCGACCACCGAGATCTACACTCTTTCCCTACACGACGCTCTTCCGATCT		unstranded	#8c510a	SRR8579145_blood	CD19+
SRR8579146	/path/to/analysis/directory/SRR8579146.fastq		blood	blodd	AATGATACGGCGACCACCGAGATCTACACTCTTTCCCTACACGACGCTCTTCCGATCT		unstranded	#8c510a	SRR8579146_blood	CD19+
SRR8579147	/path/to/analysis/directory/SRR8579147.fastq		blood	blodd	AATGATACGGCGACCACCGAGATCTACACTCTTTCCCTACACGACGCTCTTCCGATCT		unstranded	#8c510a	SRR8579147_blood	CD19+
